coin,snapshot height,balance
TRX(ALL),-,97550205.16
TRX,86703812,47550205.16
sTRX,86703812,50000000.00
HTX(ALL),-,1309356448020.17
HTX-TRC20,86703812,1309356448020.17
ETH(ALL),-,240490.28
ETH,26091349,1594.58
stETH,26091349,238700.66
gtWETH,26091349,0.00
unstETH,26091349,0.00
ETH-Arbitrum,510393824,100.05
ETH-Optimism,157592612,94.99
USDT(ALL),-,432549721.47
USDT-TRC20,86703812,13203725.06
jUSDT-TRC20,86703812,6853733.51
USDT-ERC20,26091349,29536015.62
USDT-spUSDT,26091349,0.00
USDT-aEthUSDT,26091349,380067581.05
USDT-BEP20,124936773,1938766.22
USDT-SOL,452012075,949900.01
SOL(All),-,57420.10
SOL,452012075,42420.10
ThirdParty,_,15000.00
XRP(All),-,52246331.93
XRP,107340374,52246331.93
XLM(All),-,113502436.62
XLM,64699644,113502436.62
SHIB(All),-,370132512783.29
SHIB-ERC20,26091349,370132512783.29
ETC(All),-,551517.81
ETC,25445621,551517.81
ADA(All),-,8279792.93
ADA,14008293,8279792.93
DOGE(All),-,316579712.84
DOGE,6395943,316474989.70
DOGE-TRC20,86703812,104723.14
LTC(All),-,142090.49
LTC,3187026,142090.49
BCH(All),-,19078.86
BCH,970875,19078.86
BTC(ALL),-,12534.98
BTC,969315,10779.74
BTC-TRC20,86703812,39.54
BTC-ERC20,26091349,1715.70

coin,address,snapshot height,balance,message,signature
TRX,TWhDfwC8QE6pQyiYy248dNor3uphPEw5M2,86703812,412756.41,poloniex,03b855185b88b39370f92441d89fd43d10babc866b80bd43c1ba166f5973fa9d007efdd508731ae978aa902a6ad6352f371c0353b20bc6709daa0e682a6f12ff01
TRX,TUgSgCQL6pMSy9zByn4sgxqrJa95sZExBG,86703812,36874564.59,poloniex,0xe5bd96c946bc4af68721f7d9420cbbd10ab97fbcb7f8d5f24a2f5b98a503404007818c567aadcf407a99cc0ce3d14c4defca7e841a4eacb76e5851f9ca2d360800
TRX,TSzSgxRisS5VBXXDcAezTDvnPGi9CbsXvJ,86703812,10262884.16,-,-
TRX,TECmrmwPAjr2RpDGPd4Axq6JYKCESJEhc5,-,-,poloniex,0xc55ad13ce77c666dc6cca6b8c93039d7d03dbd9bd645fd280db2bb9240ecd7bd4c4e73d77ec6d7bce11413b4a03c74cc3b52bae3300a3b06bd8a2b0f5e42141f00
TRX,TVNPqyt6h3DV3Pd8N5PmskC96vtbAp863B,-,-,poloniex,0x261a326e9b852c26ccfd18c86f9f0438cf30440db61fc1c7bb6ea5509fc91e5038afa312ac6d1c2367a1e7bb6cf107a763260c742dc1b35b8d6e60068792cbf100
TRX,TSmgqvsfx95ZpjFRGA2eHhzUFHDhGVzusq,-,-,poloniex,0x08092b5c5db62fecaae072d300aff11529d0408def450655d120b1f5be31dda22320ed6107605ff57a20057d4b163a9cd48ab323e793ee44d23993bc50f8631a01
TRX,TV7WmJXhYyd4rqRjbWg62eX8e5DoPbyiA3,-,-,poloniex,0x5123db01836135eb1027db09373bede1846a0b35c261bf04cc24ee579cd7115a12187a4e2d810ef40dae526996c8df5e1c7a1b846538e2717d6e77ca698bfcb201
sTRX,TUgSgCQL6pMSy9zByn4sgxqrJa95sZExBG,86703812,50000000.00,poloniex,0xe5bd96c946bc4af68721f7d9420cbbd10ab97fbcb7f8d5f24a2f5b98a503404007818c567aadcf407a99cc0ce3d14c4defca7e841a4eacb76e5851f9ca2d360800
HTX-TRC20,TWhDfwC8QE6pQyiYy248dNor3uphPEw5M2,86703812,5074752103.26,poloniex,03b855185b88b39370f92441d89fd43d10babc866b80bd43c1ba166f5973fa9d007efdd508731ae978aa902a6ad6352f371c0353b20bc6709daa0e682a6f12ff01
HTX-TRC20,TUgSgCQL6pMSy9zByn4sgxqrJa95sZExBG,86703812,713001695916.91,poloniex,0xe5bd96c946bc4af68721f7d9420cbbd10ab97fbcb7f8d5f24a2f5b98a503404007818c567aadcf407a99cc0ce3d14c4defca7e841a4eacb76e5851f9ca2d360800
HTX-TRC20,TSzSgxRisS5VBXXDcAezTDvnPGi9CbsXvJ,86703812,591280000000.00,-,-
HTX-TRC20,TECmrmwPAjr2RpDGPd4Axq6JYKCESJEhc5,-,-,poloniex,0xc55ad13ce77c666dc6cca6b8c93039d7d03dbd9bd645fd280db2bb9240ecd7bd4c4e73d77ec6d7bce11413b4a03c74cc3b52bae3300a3b06bd8a2b0f5e42141f00
HTX-TRC20,TVNPqyt6h3DV3Pd8N5PmskC96vtbAp863B,-,-,poloniex,0x261a326e9b852c26ccfd18c86f9f0438cf30440db61fc1c7bb6ea5509fc91e5038afa312ac6d1c2367a1e7bb6cf107a763260c742dc1b35b8d6e60068792cbf100
HTX-TRC20,TSmgqvsfx95ZpjFRGA2eHhzUFHDhGVzusq,-,-,poloniex,0x08092b5c5db62fecaae072d300aff11529d0408def450655d120b1f5be31dda22320ed6107605ff57a20057d4b163a9cd48ab323e793ee44d23993bc50f8631a01
HTX-TRC20,TV7WmJXhYyd4rqRjbWg62eX8e5DoPbyiA3,-,-,poloniex,0x5123db01836135eb1027db09373bede1846a0b35c261bf04cc24ee579cd7115a12187a4e2d810ef40dae526996c8df5e1c7a1b846538e2717d6e77ca698bfcb201
USDT-TRC20,TWhDfwC8QE6pQyiYy248dNor3uphPEw5M2,86703812,6749724.06,poloniex,03b855185b88b39370f92441d89fd43d10babc866b80bd43c1ba166f5973fa9d007efdd508731ae978aa902a6ad6352f371c0353b20bc6709daa0e682a6f12ff01
USDT-TRC20,TUgSgCQL6pMSy9zByn4sgxqrJa95sZExBG,86703812,0.00,poloniex,0xe5bd96c946bc4af68721f7d9420cbbd10ab97fbcb7f8d5f24a2f5b98a503404007818c567aadcf407a99cc0ce3d14c4defca7e841a4eacb76e5851f9ca2d360800
USDT-TRC20,TSzSgxRisS5VBXXDcAezTDvnPGi9CbsXvJ,86703812,6454001.00,-,-
USDT-TRC20,TECmrmwPAjr2RpDGPd4Axq6JYKCESJEhc5,-,-,poloniex,0xc55ad13ce77c666dc6cca6b8c93039d7d03dbd9bd645fd280db2bb9240ecd7bd4c4e73d77ec6d7bce11413b4a03c74cc3b52bae3300a3b06bd8a2b0f5e42141f00
USDT-TRC20,TVNPqyt6h3DV3Pd8N5PmskC96vtbAp863B,-,-,poloniex,0x261a326e9b852c26ccfd18c86f9f0438cf30440db61fc1c7bb6ea5509fc91e5038afa312ac6d1c2367a1e7bb6cf107a763260c742dc1b35b8d6e60068792cbf100
USDT-TRC20,TSmgqvsfx95ZpjFRGA2eHhzUFHDhGVzusq,-,-,poloniex,0x08092b5c5db62fecaae072d300aff11529d0408def450655d120b1f5be31dda22320ed6107605ff57a20057d4b163a9cd48ab323e793ee44d23993bc50f8631a01
USDT-TRC20,TV7WmJXhYyd4rqRjbWg62eX8e5DoPbyiA3,-,-,poloniex,0x5123db01836135eb1027db09373bede1846a0b35c261bf04cc24ee579cd7115a12187a4e2d810ef40dae526996c8df5e1c7a1b846538e2717d6e77ca698bfcb201
jUSDT-TRC20,TUgSgCQL6pMSy9zByn4sgxqrJa95sZExBG,86703812,1427329.39,poloniex,0xe5bd96c946bc4af68721f7d9420cbbd10ab97fbcb7f8d5f24a2f5b98a503404007818c567aadcf407a99cc0ce3d14c4defca7e841a4eacb76e5851f9ca2d360800
jUSDT-TRC20,TSzSgxRisS5VBXXDcAezTDvnPGi9CbsXvJ,86703812,5426404.12,-,-
jUSDT-TRC20,TECmrmwPAjr2RpDGPd4Axq6JYKCESJEhc5,-,-,poloniex,0xc55ad13ce77c666dc6cca6b8c93039d7d03dbd9bd645fd280db2bb9240ecd7bd4c4e73d77ec6d7bce11413b4a03c74cc3b52bae3300a3b06bd8a2b0f5e42141f00
jUSDT-TRC20,TVNPqyt6h3DV3Pd8N5PmskC96vtbAp863B,-,-,poloniex,0x261a326e9b852c26ccfd18c86f9f0438cf30440db61fc1c7bb6ea5509fc91e5038afa312ac6d1c2367a1e7bb6cf107a763260c742dc1b35b8d6e60068792cbf100
jUSDT-TRC20,TSmgqvsfx95ZpjFRGA2eHhzUFHDhGVzusq,-,-,poloniex,0x08092b5c5db62fecaae072d300aff11529d0408def450655d120b1f5be31dda22320ed6107605ff57a20057d4b163a9cd48ab323e793ee44d23993bc50f8631a01
jUSDT-TRC20,TV7WmJXhYyd4rqRjbWg62eX8e5DoPbyiA3,-,-,poloniex,0x5123db01836135eb1027db09373bede1846a0b35c261bf04cc24ee579cd7115a12187a4e2d810ef40dae526996c8df5e1c7a1b846538e2717d6e77ca698bfcb201
ETH,0x8fca4ade3a517133ff23ca55cdaea29c78c990b8,26091349,74.69,poloniex,9b0b0066272d7312ba8f973c10a6f29aa46e33c084382ae5c87acb27b2fac9516a6cf3d74c20bc5bbc694a6c99d5efe243384420f0be45f1f531504c3a16afca1c
ETH,0x176f3dab24a159341c0509bb36b833e7fdd0a132,26091349,5.92,Poloniex,76a07f20d9da06fa9c200917dcbf86b782c24e5bd6b24f81734c240154a50ba20f48e1c41a3d6f600abf200f2549192e234f5d567f4f76c5401eef80d0707bf21b
ETH,0x29065a4c1f2f20d1e263930088890d6f49fe715a,26091349,1513.97,poloniex,03b855185b88b39370f92441d89fd43d10babc866b80bd43c1ba166f5973fa9d007efdd508731ae978aa902a6ad6352f371c0353b20bc6709daa0e682a6f12ff01
ETH,0x6Ffb9a8c6E96307C647d9869673200fFbd380EC7,-,-,poloniex,0x1062e9bf7941feedf9aaf08616caf1b5f73478fd5c61a1e1aae6c22fc611c59a13a6d5f789b9bf3a7306ec8aaa87af1205f83efce11777a45179742686fbdee81b
ETH,0xc4cA8bBa7A665f03B4363F4133e7A5B00DeC0BBA,-,-,poloniex,0xab76785bdf9f265258ac387c6ababb092aea16b8585e333cfcc07df6ae4f99607d64db5b576165b4c095a1e656bfb7b29b12dccd10b61714387fbad1e441f6851b
ETH,0x8FFBa55Dc041675cbf8e5d5a0BA08Df5Dc3AC6dA,-,-,poloniex,0x553f418034d83e388e07c8a554390f4e47499b2e2efc361492130bfaa80ccb8c53f7eaa2bb434dc9c6ad61c0ce0b2ff1f61d8a906c7fe29943731113ccb6c97c1b
stETH,0x176f3dab24a159341c0509bb36b833e7fdd0a132,26091349,243258.24,Poloniex,76a07f20d9da06fa9c200917dcbf86b782c24e5bd6b24f81734c240154a50ba20f48e1c41a3d6f600abf200f2549192e234f5d567f4f76c5401eef80d0707bf21b
gtWETH,0x176f3dab24a159341c0509bb36b833e7fdd0a132,26091349,0.00,Poloniex,76a07f20d9da06fa9c200917dcbf86b782c24e5bd6b24f81734c240154a50ba20f48e1c41a3d6f600abf200f2549192e234f5d567f4f76c5401eef80d0707bf21b
unstETH,0x176f3dab24a159341c0509bb36b833e7fdd0a132,26091349,5000.00,Poloniex,76a07f20d9da06fa9c200917dcbf86b782c24e5bd6b24f81734c240154a50ba20f48e1c41a3d6f600abf200f2549192e234f5d567f4f76c5401eef80d0707bf21b
ETH-Arbitrum,0x176f3dab24a159341c0509bb36b833e7fdd0a132,510393824,100.05,Poloniex,76a07f20d9da06fa9c200917dcbf86b782c24e5bd6b24f81734c240154a50ba20f48e1c41a3d6f600abf200f2549192e234f5d567f4f76c5401eef80d0707bf21b
ETH-Optimism,0x176f3dab24a159341c0509bb36b833e7fdd0a132,157592612,94.99,Poloniex,76a07f20d9da06fa9c200917dcbf86b782c24e5bd6b24f81734c240154a50ba20f48e1c41a3d6f600abf200f2549192e234f5d567f4f76c5401eef80d0707bf21b
USDT-ERC20,0x8fca4ade3a517133ff23ca55cdaea29c78c990b8,26091349,1168942.56,poloniex,9b0b0066272d7312ba8f973c10a6f29aa46e33c084382ae5c87acb27b2fac9516a6cf3d74c20bc5bbc694a6c99d5efe243384420f0be45f1f531504c3a16afca1c
USDT-ERC20,0x176f3dab24a159341c0509bb36b833e7fdd0a132,26091349,0.00,Poloniex,76a07f20d9da06fa9c200917dcbf86b782c24e5bd6b24f81734c240154a50ba20f48e1c41a3d6f600abf200f2549192e234f5d567f4f76c5401eef80d0707bf21b
USDT-ERC20,0x29065a4c1f2f20d1e263930088890d6f49fe715a,26091349,28367073.06,poloniex,03b855185b88b39370f92441d89fd43d10babc866b80bd43c1ba166f5973fa9d007efdd508731ae978aa902a6ad6352f371c0353b20bc6709daa0e682a6f12ff01
USDT-ERC20,0x6Ffb9a8c6E96307C647d9869673200fFbd380EC7,-,-,poloniex,0x1062e9bf7941feedf9aaf08616caf1b5f73478fd5c61a1e1aae6c22fc611c59a13a6d5f789b9bf3a7306ec8aaa87af1205f83efce11777a45179742686fbdee81b
USDT-ERC20,0xc4cA8bBa7A665f03B4363F4133e7A5B00DeC0BBA,-,-,poloniex,0xab76785bdf9f265258ac387c6ababb092aea16b8585e333cfcc07df6ae4f99607d64db5b576165b4c095a1e656bfb7b29b12dccd10b61714387fbad1e441f6851b
USDT-ERC20,0x8FFBa55Dc041675cbf8e5d5a0BA08Df5Dc3AC6dA,-,-,poloniex,0x553f418034d83e388e07c8a554390f4e47499b2e2efc361492130bfaa80ccb8c53f7eaa2bb434dc9c6ad61c0ce0b2ff1f61d8a906c7fe29943731113ccb6c97c1b
USDT-spUSDT,0x176f3dab24a159341c0509bb36b833e7fdd0a132,26091349,0.00,Poloniex,76a07f20d9da06fa9c200917dcbf86b782c24e5bd6b24f81734c240154a50ba20f48e1c41a3d6f600abf200f2549192e234f5d567f4f76c5401eef80d0707bf21b
USDT-aEthUSDT,0x176f3dab24a159341c0509bb36b833e7fdd0a132,26091349,2123746.62,Poloniex,76a07f20d9da06fa9c200917dcbf86b782c24e5bd6b24f81734c240154a50ba20f48e1c41a3d6f600abf200f2549192e234f5d567f4f76c5401eef80d0707bf21b
USDT-aEthUSDT,0x29065a4c1f2f20d1e263930088890d6f49fe715a,26091349,6260774.59,poloniex,03b855185b88b39370f92441d89fd43d10babc866b80bd43c1ba166f5973fa9d007efdd508731ae978aa902a6ad6352f371c0353b20bc6709daa0e682a6f12ff01
USDT-aEthUSDT,0x6Ffb9a8c6E96307C647d9869673200fFbd380EC7,-,-,poloniex,0x1062e9bf7941feedf9aaf08616caf1b5f73478fd5c61a1e1aae6c22fc611c59a13a6d5f789b9bf3a7306ec8aaa87af1205f83efce11777a45179742686fbdee81b
USDT-aEthUSDT,0xc4cA8bBa7A665f03B4363F4133e7A5B00DeC0BBA,-,-,poloniex,0xab76785bdf9f265258ac387c6ababb092aea16b8585e333cfcc07df6ae4f99607d64db5b576165b4c095a1e656bfb7b29b12dccd10b61714387fbad1e441f6851b
USDT-aEthUSDT,0x8FFBa55Dc041675cbf8e5d5a0BA08Df5Dc3AC6dA,-,-,poloniex,0x553f418034d83e388e07c8a554390f4e47499b2e2efc361492130bfaa80ccb8c53f7eaa2bb434dc9c6ad61c0ce0b2ff1f61d8a906c7fe29943731113ccb6c97c1b
USDT-aEthUSDT,0x72132bF09a9ee6517F3f1d997b4b3cd2115E5991,26091349,371683059.84,-,-
SHIB-ERC20,0x8fca4ade3a517133ff23ca55cdaea29c78c990b8,26091349,589802480.92,poloniex,9b0b0066272d7312ba8f973c10a6f29aa46e33c084382ae5c87acb27b2fac9516a6cf3d74c20bc5bbc694a6c99d5efe243384420f0be45f1f531504c3a16afca1c
SHIB-ERC20,0x176f3dab24a159341c0509bb36b833e7fdd0a132,26091349,356593710301.52,Poloniex,76a07f20d9da06fa9c200917dcbf86b782c24e5bd6b24f81734c240154a50ba20f48e1c41a3d6f600abf200f2549192e234f5d567f4f76c5401eef80d0707bf21b
SHIB-ERC20,0x29065a4c1f2f20d1e263930088890d6f49fe715a,26091349,12949000000.85,poloniex,03b855185b88b39370f92441d89fd43d10babc866b80bd43c1ba166f5973fa9d007efdd508731ae978aa902a6ad6352f371c0353b20bc6709daa0e682a6f12ff01
SHIB-ERC20,0x6Ffb9a8c6E96307C647d9869673200fFbd380EC7,-,-,poloniex,0x1062e9bf7941feedf9aaf08616caf1b5f73478fd5c61a1e1aae6c22fc611c59a13a6d5f789b9bf3a7306ec8aaa87af1205f83efce11777a45179742686fbdee81b
SHIB-ERC20,0xc4cA8bBa7A665f03B4363F4133e7A5B00DeC0BBA,-,-,poloniex,0xab76785bdf9f265258ac387c6ababb092aea16b8585e333cfcc07df6ae4f99607d64db5b576165b4c095a1e656bfb7b29b12dccd10b61714387fbad1e441f6851b
SHIB-ERC20,0x8FFBa55Dc041675cbf8e5d5a0BA08Df5Dc3AC6dA,-,-,poloniex,0x553f418034d83e388e07c8a554390f4e47499b2e2efc361492130bfaa80ccb8c53f7eaa2bb434dc9c6ad61c0ce0b2ff1f61d8a906c7fe29943731113ccb6c97c1b
USDT-BEP20,0xaf9b0a19e5b8f7316d98f9e10a47b94d8c52b3d2,124936773,990100.73,-,-
USDT-BEP20,0x4068626796a4ffb573452d5297db134371a33a1c,124936773,948665.49,-,-
SOL,31KVUP9uPsdUniHkSKDtsDqB1VksmKskreynTQ3xitKz,452012075,40559.23,-,-
SOL,7Ci23i82UMa8RpfVbdMjTytiDi2VoZS8uLyHhZBV2Qy7,452012075,310.87,-,-
SOL,Eueeb9FKXpk7duw7jKeYm1NNWmTeFN7fGKYMmasY7C9x,452012075,1550.00,-,-
USDT-SOL,Eueeb9FKXpk7duw7jKeYm1NNWmTeFN7fGKYMmasY7C9x,452012075,949900.01,-,-
XRP,rwJXYKC1VMzGYc6RHnhnbe38syj5EE34cS,107340374,28517.10,-,-
XRP,rUYkx2mGm1m4wH75cgedu79vshbfDFUWj8,107340374,51409523.76,-,-
XRP,rKv1CcnLFSjQ7ecowP8QpsHy3cMyNaC2ku,107340374,808291.07,-,-
XLM,GCGXQEUNC6NFQYXH7AYK7LJKKDZHHEV2XM72NFNQ6ZI4CGNQJIKFHWWM,64699644,112438537.41,-,-
XLM,GCOND2ZGWNMSHNIHU24HBJAKYM6H2G6FYN5NRQ46BP6G7MZSO5IM2JEJ,64699644,148085.24,-,-
XLM,GCNFBPRT75HFWJJ45JUUVZKXKXNISW5H5OKLTZMZ6WLC4BINAGRJWAOU,64699644,915813.97,-,-
ETC,0xc921bea90897596bf281e81bd329fa5f56b794ac,25445621,3272.84,-,-
ETC,0xbad1216f81caec7fb557f30c410187d66ee374b9,25445621,47991.79,-,-
ETC,0x176f3dab24a159341c0509bb36b833e7fdd0a132,25445621,525.07,-,-
ETC,0xBcEb3318d34a59FD1b91540E8EaDeD28aF6d249c,25445621,499728.11,-,-
ADA,addr1q9qnhxunfspaawwh5l86fzxvr8pxcl3fyzdnkrxzy98htnrp2e4cx2g5aznrx754xufx4c63sz0rp2u3em6wktk8sp0q8j4nkj,14008293,6337245.75,-,-
ADA,addr1qxyl2w9m3le06ap89j089tm90ks4xttscmz5yup4rupg7jnp2e4cx2g5aznrx754xufx4c63sz0rp2u3em6wktk8sp0qxrsrjl,14008293,1501.33,-,-
ADA,addr1qy7kcd0qrvc5t6mqqacz8ta5jc9an6xj4uqavreey3gf45pads67qxe3gh4kqpmsywhmf9stm85d9tcp6c8njfzsntgqxsu4m8,14008293,1862960.84,-,-
ADA,addr1vxn9jr4ewahttr8wd8d2a4n2jq96crcje0c8402s9spzppqgmv9hu,14008293,78085.01,-,-
DOGE-TRC20,TWhDfwC8QE6pQyiYy248dNor3uphPEw5M2,86703812,104723.14,poloniex,03b855185b88b39370f92441d89fd43d10babc866b80bd43c1ba166f5973fa9d007efdd508731ae978aa902a6ad6352f371c0353b20bc6709daa0e682a6f12ff01
DOGE,DCfNyepSTdEjr2v7xchUyZGWDdW4vLzvwp,6395943,313028085.38,-,-
DOGE,A8TteDfEy9Ueb4gbrd7M7kU4eqnYuQihrj,6395943,2714074.70,-,-
DOGE,DMN8NpPk5MJaJ1A1RbHBFT9eZHCxPjzbgj,6395943,500027.55,-,-
DOGE,DRGojqmiBpu6dzRj43kpuwfkYzt6XZxvDR,6395943,228334.15,-,-
DOGE,DBP7E8YLdv63gjaP87fycFvenQX1gC5UV1,6395943,2035.16,-,-
DOGE,DLKv97518L6JGrmfjknaLXRS9tSN7DvX9q,6395943,1302.73,-,-
DOGE,DEmLP3u2PseexxwnwRFGJWgTMKgKvNQvkh,6395943,363.83,-,-
DOGE,DLZiZWUPN1rZvNq1bUF1YntLeQEj4pgF3L,6395943,255.58,-,-
DOGE,DAoV9qRMb8CN1aKY2MVKZRSnxu2GZYGSAy,6395943,223.93,-,-
DOGE,DEnNk9uyndgfhjVnZJVWD2RiGtfTbzAQjJ,6395943,145.07,-,-
DOGE,DU6wVF13EjLwchqCkxDMhZvZE8uteE94SL,6395943,57.98,-,-
DOGE,DSjdBhWnManFzfZYLHvFjysVxPQxRqpTe8,6395943,40.00,-,-
DOGE,DD8yYrApDLbeNzt9e7ocn9GM1vMboEC8uE,6395943,23.32,-,-
DOGE,DBRefCjosKzc9b376hBeYevyo3EKc4kL9E,6395943,20.32,-,-
LTC,MX1sfZsYVZvS77JUEf3cUPcUaT4SgWoZtS,3187026,30800.07,-,-
LTC,MHjYawKxjjy1XhX4STgRPJAT1YV79YZu5X,3187026,29499.07,-,-
LTC,MFtfYJQqvqDapt54BaTCDNfPDf1r2Qusah,3187026,26000.09,-,-
LTC,MViFMha9MHwTv7zCCQ5PNge56MxwBAzSRb,3187026,23100.09,-,-
LTC,MWEBrkDEJQhGy6vo6nL9YeJNwA975LJGSu,3187026,18000.89,-,-
LTC,MHwaWFCv39mHjVpknKGHX1TBk2E9o2GqJT,3187026,7650.00,-,-
LTC,M86ytFK3E4qZGuT1FaVLtNREJSfvB4rn9w,3187026,2139.99,-,-
LTC,MUHxEy4FA4g4YuLxf7FLKackVGk4JjcHP4,3187026,2000.44,-,-
LTC,MHRB9YPDf2h6Sch5k8tiJNt186en1bfNsc,3187026,1080.00,-,-
LTC,MQPDFautdktzxnj4tJTEvYJjihLFa7FCXG,3187026,799.99,-,-
LTC,LWsZzAX55LnSb9Rknm8CfnFiEyPwmaVEGp,3187026,303.60,-,-
LTC,MTsBCa6nq1hnNPWRT9NnwHGrgAJMAWRr5S,3187026,194.99,-,-
LTC,M8EctdSUpCK5m7mVivvauP2kDxvxr9Bxjy,3187026,169.99,-,-
LTC,MRbkkK51uwF3JqcyqNEYkxy6jJ6gVmnBiw,3187026,149.99,-,-
LTC,MRCtb15qRZFmaQaq1rCvrfHdizsVVw8nAr,3187026,99.99,-,-
LTC,MRT6HZr5XUsGVcr7mYoPF1yH2ayGcMqeP3,3187026,49.99,-,-
LTC,LYFPa9rWPinqCZFRWhQbRhQhoz7W2XxWub,3187026,31.31,-,-
LTC,MDqyApqtwnSVWEfxQiEhofzd42esVE2ftE,3187026,20.00,-,-
BCH,1PUonXWjjHzwRfDKzZzFA1DGRJqUVXzinD,970875,3487.99,-,-
BCH,1FoY814LGdRyW3wTcVXsW86HXCGeJtqQLr,970875,3387.99,-,-
BCH,1MYG2amTMGqPvFVaoCK4VpchT7Ht9ErgNT,970875,3268.99,-,-
BCH,1225Kim9pEjmPDnfbMs4MK6Fywr2k2PfuA,970875,2587.99,-,-
BCH,1PnZqyPYVAXMsrbEU5muaS94EZoZKAe9k9,970875,2268.99,-,-
BCH,15be5WjBNR1pfkrR4kr3zCDnPDV7i9CkQ2,970875,1624.99,-,-
BCH,1NKeE3NN8zZGVw16RZebc6LkQZaFhaDJzY,970875,1109.06,-,-
BCH,1MLVEjiEWPWhzMa9qLHiRMVZKY1sib9obQ,970875,657.03,-,-
BCH,1LoiQXfpz8GXBBiQHA8o3DaCEoxFZRnXwX,970875,625.14,-,-
BCH,17S4FSUeEQBbue78E7WxFhqmrF3B5rrSEv,970875,60.69,-,-
BTC,1McbLy27nLVzJ4ubMnFm3jxnQ3nbq2mpr2,969315,3721.00,-,-
BTC,18uXVhRrCZW4QXx5nxgF4ZwzqVfSNseo4B,969315,2900.08,-,-
BTC,1NBX1UZE3EFPTnYNkDfVhRADvVc8v6pRYu,969315,2332.51,-,-
BTC,17vH7EX655n5L4iPAfVXPn3rVzZbrgKYBC,969315,650.00,-,-
BTC,14XKsv8tT6tt8P8mfDQZgNF8wtN5erNu5D,969315,298.87,-,-
BTC,13hxUsGWnJgH2vzscAUrYm7pxgWzTvez7x,969315,229.99,-,-
BTC,1M3Y4dgeg8zVdQ41BXTaWyFUUmc2e6fF2b,969315,110.00,-,-
BTC,1QJt83Cb6S6Tm5chFwyn46XSBGYbS8unXB,969315,100.19,-,-
BTC,13r8PhQ9Gk1KavpJzjc8ELjEw3kBQKLRHq,969315,100.18,-,-
BTC,1NVuvqYpZPnWSd5Fvx15dq6u39ongzxLL2,969315,100.10,-,-
BTC,1KVpuCfhftkzJ67ZUegaMuaYey7qni7pPj,969315,100.10,-,-
BTC,17S9U4SdX3Bs39EbT5Qf6gntf5XSc4FWJN,969315,99.99,-,-
BTC,3CEaCYMoKsmxS2mV5WoMVNLzPBdNazH6tu,969315,28.99,-,-
BTC,3CEaCYMoKsmxS2mV5WoMVNLzPBdNazH6tu,969315,4.75,-,-
BTC,3MzHNHweDQKQ5cvrHPNbvUJGDnoY8agnKK,969315,2.99,-,-
BTC-TRC20,TUgSgCQL6pMSy9zByn4sgxqrJa95sZExBG,86703812,6.94,poloniex,0xe5bd96c946bc4af68721f7d9420cbbd10ab97fbcb7f8d5f24a2f5b98a503404007818c567aadcf407a99cc0ce3d14c4defca7e841a4eacb76e5851f9ca2d360800
BTC-TRC20,TSzSgxRisS5VBXXDcAezTDvnPGi9CbsXvJ,86703812,32.60,-,-
BTC-TRC20,TECmrmwPAjr2RpDGPd4Axq6JYKCESJEhc5,-,-,poloniex,0xc55ad13ce77c666dc6cca6b8c93039d7d03dbd9bd645fd280db2bb9240ecd7bd4c4e73d77ec6d7bce11413b4a03c74cc3b52bae3300a3b06bd8a2b0f5e42141f00
BTC-TRC20,TVNPqyt6h3DV3Pd8N5PmskC96vtbAp863B,-,-,poloniex,0x261a326e9b852c26ccfd18c86f9f0438cf30440db61fc1c7bb6ea5509fc91e5038afa312ac6d1c2367a1e7bb6cf107a763260c742dc1b35b8d6e60068792cbf100
BTC-TRC20,TSmgqvsfx95ZpjFRGA2eHhzUFHDhGVzusq,-,-,poloniex,0x08092b5c5db62fecaae072d300aff11529d0408def450655d120b1f5be31dda22320ed6107605ff57a20057d4b163a9cd48ab323e793ee44d23993bc50f8631a01
BTC-TRC20,TV7WmJXhYyd4rqRjbWg62eX8e5DoPbyiA3,-,-,poloniex,0x5123db01836135eb1027db09373bede1846a0b35c261bf04cc24ee579cd7115a12187a4e2d810ef40dae526996c8df5e1c7a1b846538e2717d6e77ca698bfcb201
BTC-ERC20,0x29065a4c1f2f20d1e263930088890d6f49fe715a,26091349,25.70,poloniex,03b855185b88b39370f92441d89fd43d10babc866b80bd43c1ba166f5973fa9d007efdd508731ae978aa902a6ad6352f371c0353b20bc6709daa0e682a6f12ff01
BTC-ERC20,0x6Ffb9a8c6E96307C647d9869673200fFbd380EC7,-,-,poloniex,0x1062e9bf7941feedf9aaf08616caf1b5f73478fd5c61a1e1aae6c22fc611c59a13a6d5f789b9bf3a7306ec8aaa87af1205f83efce11777a45179742686fbdee81b
BTC-ERC20,0xc4cA8bBa7A665f03B4363F4133e7A5B00DeC0BBA,-,-,poloniex,0xab76785bdf9f265258ac387c6ababb092aea16b8585e333cfcc07df6ae4f99607d64db5b576165b4c095a1e656bfb7b29b12dccd10b61714387fbad1e441f6851b
BTC-ERC20,0x8FFBa55Dc041675cbf8e5d5a0BA08Df5Dc3AC6dA,-,-,poloniex,0x553f418034d83e388e07c8a554390f4e47499b2e2efc361492130bfaa80ccb8c53f7eaa2bb434dc9c6ad61c0ce0b2ff1f61d8a906c7fe29943731113ccb6c97c1b
BTC-ERC20,0x176f3dab24a159341c0509bb36b833e7fdd0a132,26091349,1690.00,Poloniex,76a07f20d9da06fa9c200917dcbf86b782c24e5bd6b24f81734c240154a50ba20f48e1c41a3d6f600abf200f2549192e234f5d567f4f76c5401eef80d0707bf21b
